<?xml version="1.0" encoding="UTF-8"?>
<project-private xmlns="http://www.netbeans.org/ns/project-private/1">
    <editor-bookmarks xmlns="http://www.netbeans.org/ns/editor-bookmarks/2" lastBookmarkId="0"/>
    <open-files xmlns="http://www.netbeans.org/ns/projectui-open-files/2">
        <group>
            <file>file:/C:/Users/AMD/Documents/NetBeansProjects/IM_finals/src/DatabaseConnection.java</file>
            <file>file:/C:/Users/AMD/Documents/NetBeansProjects/IM_finals/src/main.java</file>
            <file>file:/C:/Users/AMD/Documents/NetBeansProjects/IM_finals/src/MemberManagementSystem.java</file>
            <file>file:/C:/Users/AMD/Documents/NetBeansProjects/IM_finals/src/BookManagementSystem.java</file>
            <file>file:/C:/Users/AMD/Documents/NetBeansProjects/IM_finals/src/LibraryReports.java</file>
            <file>file:/C:/Users/AMD/Documents/NetBeansProjects/IM_finals/src/TransactionManagementSystem.java</file>
        </group>
    </open-files>
</project-private>
